--
-- PostgreSQL database dump
--

-- Dumped from database version 17.4 (Debian 17.4-1.pgdg120+2)
-- Dumped by pg_dump version 17.4 (Debian 17.4-1.pgdg120+2)

SET statement_timeout = 0;
SET lock_timeout = 0;
SET idle_in_transaction_session_timeout = 0;
SET transaction_timeout = 0;
SET client_encoding = 'UTF8';
SET standard_conforming_strings = on;
SELECT pg_catalog.set_config('search_path', '', false);
SET check_function_bodies = false;
SET xmloption = content;
SET client_min_messages = warning;
SET row_security = off;

SET default_tablespace = '';

SET default_table_access_method = heap;

--
-- Name: clients; Type: TABLE; Schema: public; Owner: postgres
--

CREATE TABLE public.clients (
    birthday date,
    last_login_date date,
    num_visitas_al_mes integer NOT NULL,
    id bigint NOT NULL,
    contrasena character varying(255),
    email character varying(255),
    name character varying(255),
    rut character varying(255)
);


ALTER TABLE public.clients OWNER TO postgres;

--
-- Name: clients_id_seq; Type: SEQUENCE; Schema: public; Owner: postgres
--

ALTER TABLE public.clients ALTER COLUMN id ADD GENERATED BY DEFAULT AS IDENTITY (
    SEQUENCE NAME public.clients_id_seq
    START WITH 1
    INCREMENT BY 1
    NO MINVALUE
    NO MAXVALUE
    CACHE 1
);


--
-- Name: comprobante_pagos; Type: TABLE; Schema: public; Owner: postgres
--

CREATE TABLE public.comprobante_pagos (
    comprobante_id bigint NOT NULL,
    detalle_pago character varying(255)
);


ALTER TABLE public.comprobante_pagos OWNER TO postgres;

--
-- Name: comprobantes; Type: TABLE; Schema: public; Owner: postgres
--

CREATE TABLE public.comprobantes (
    descuento double precision NOT NULL,
    iva double precision NOT NULL,
    monto_total_iva double precision NOT NULL,
    precio_final double precision NOT NULL,
    id bigint NOT NULL
);


ALTER TABLE public.comprobantes OWNER TO postgres;

--
-- Name: comprobantes_id_seq; Type: SEQUENCE; Schema: public; Owner: postgres
--

ALTER TABLE public.comprobantes ALTER COLUMN id ADD GENERATED BY DEFAULT AS IDENTITY (
    SEQUENCE NAME public.comprobantes_id_seq
    START WITH 1
    INCREMENT BY 1
    NO MINVALUE
    NO MAXVALUE
    CACHE 1
);


--
-- Name: correos; Type: TABLE; Schema: public; Owner: postgres
--

CREATE TABLE public.correos (
    reserva_id bigint NOT NULL,
    persona character varying(255)
);


ALTER TABLE public.correos OWNER TO postgres;

--
-- Name: detalle_comprobante; Type: TABLE; Schema: public; Owner: postgres
--

CREATE TABLE public.detalle_comprobante (
    comprobante_id bigint NOT NULL,
    detalle_pago character varying(255)
);


ALTER TABLE public.detalle_comprobante OWNER TO postgres;

--
-- Name: empleados; Type: TABLE; Schema: public; Owner: postgres
--

CREATE TABLE public.empleados (
    id bigint NOT NULL,
    contrasena character varying(255),
    email character varying(255),
    name character varying(255),
    rut character varying(255)
);


ALTER TABLE public.empleados OWNER TO postgres;

--
-- Name: empleados_id_seq; Type: SEQUENCE; Schema: public; Owner: postgres
--

ALTER TABLE public.empleados ALTER COLUMN id ADD GENERATED BY DEFAULT AS IDENTITY (
    SEQUENCE NAME public.empleados_id_seq
    START WITH 1
    INCREMENT BY 1
    NO MINVALUE
    NO MAXVALUE
    CACHE 1
);


--
-- Name: karts; Type: TABLE; Schema: public; Owner: postgres
--

CREATE TABLE public.karts (
    id bigint NOT NULL,
    codificacion character varying(255),
    modelo character varying(255)
);


ALTER TABLE public.karts OWNER TO postgres;

--
-- Name: karts_id_seq; Type: SEQUENCE; Schema: public; Owner: postgres
--

ALTER TABLE public.karts ALTER COLUMN id ADD GENERATED BY DEFAULT AS IDENTITY (
    SEQUENCE NAME public.karts_id_seq
    START WITH 1
    INCREMENT BY 1
    NO MINVALUE
    NO MAXVALUE
    CACHE 1
);


--
-- Name: personas_reserva; Type: TABLE; Schema: public; Owner: postgres
--

CREATE TABLE public.personas_reserva (
    reserva_id bigint NOT NULL,
    persona character varying(255)
);


ALTER TABLE public.personas_reserva OWNER TO postgres;

--
-- Name: reporte_comprobante; Type: TABLE; Schema: public; Owner: postgres
--

CREATE TABLE public.reporte_comprobante (
    comprobante_id bigint NOT NULL,
    reporte_id bigint NOT NULL
);


ALTER TABLE public.reporte_comprobante OWNER TO postgres;

--
-- Name: reportes; Type: TABLE; Schema: public; Owner: postgres
--

CREATE TABLE public.reportes (
    fecha_fin date,
    fecha_generacion date,
    fecha_inicio date,
    total_ingresos integer NOT NULL,
    id bigint NOT NULL
);


ALTER TABLE public.reportes OWNER TO postgres;

--
-- Name: reportes_id_seq; Type: SEQUENCE; Schema: public; Owner: postgres
--

ALTER TABLE public.reportes ALTER COLUMN id ADD GENERATED BY DEFAULT AS IDENTITY (
    SEQUENCE NAME public.reportes_id_seq
    START WITH 1
    INCREMENT BY 1
    NO MINVALUE
    NO MAXVALUE
    CACHE 1
);


--
-- Name: reserva_karts; Type: TABLE; Schema: public; Owner: postgres
--

CREATE TABLE public.reserva_karts (
    kart_id bigint NOT NULL,
    reserva_id bigint NOT NULL
);


ALTER TABLE public.reserva_karts OWNER TO postgres;

--
-- Name: reservas; Type: TABLE; Schema: public; Owner: postgres
--

CREATE TABLE public.reservas (
    duracion_total integer NOT NULL,
    fecha_inicio date,
    hora_fin time(6) without time zone,
    hora_inicio time(6) without time zone,
    num_personas integer NOT NULL,
    num_vueltas_tiempo_maximo integer NOT NULL,
    precio_regular integer NOT NULL,
    cliente_id bigint,
    comprobante_id bigint,
    fecha_hora timestamp(6) without time zone,
    id bigint NOT NULL,
    nombre_cliente character varying(255)
);


ALTER TABLE public.reservas OWNER TO postgres;

--
-- Name: reservas_id_seq; Type: SEQUENCE; Schema: public; Owner: postgres
--

ALTER TABLE public.reservas ALTER COLUMN id ADD GENERATED BY DEFAULT AS IDENTITY (
    SEQUENCE NAME public.reservas_id_seq
    START WITH 1
    INCREMENT BY 1
    NO MINVALUE
    NO MAXVALUE
    CACHE 1
);


--
-- Data for Name: clients; Type: TABLE DATA; Schema: public; Owner: postgres
--

COPY public.clients (birthday, last_login_date, num_visitas_al_mes, id, contrasena, email, name, rut) FROM stdin;
2013-11-10	2025-04-25	1	2	admin	valentinocruz649@gmail.com	Valentino Cruz Milla	11222333-4
2004-06-26	2025-04-26	6	1	admin	sebamauricio26@gmail.com	Sebastián Del Solar Milla	21.605.113-0
\.


--
-- Data for Name: comprobante_pagos; Type: TABLE DATA; Schema: public; Owner: postgres
--

COPY public.comprobante_pagos (comprobante_id, detalle_pago) FROM stdin;
1	Juan Pérez:10000.00
1	Ana Gómez:18000.00
1	Carlos Ruiz:18000.00
1	Luisa Martínez:18000.00
1	Pedro Sánchez:18000.00
2	Juan Pérez:7500.00
2	Ana Gómez:13500.00
2	Carlos Ruiz:13500.00
2	Luisa Martínez:13500.00
2	Pedro Sánchez:13500.00
3	Juan Pérez:7500.00
3	Ana Gómez:13500.00
3	Carlos Ruiz:13500.00
3	Luisa Martínez:13500.00
3	Pedro Sánchez:13500.00
4	Juan Pérez:12500.00
4	Ana Gómez:22500.00
4	Carlos Ruiz:22500.00
4	Luisa Martínez:22500.00
4	Pedro Sánchez:22500.00
5	Juan Pérez:12500.00
5	Ana Gómez:22500.00
5	Carlos Ruiz:22500.00
5	Luisa Martínez:22500.00
5	Pedro Sánchez:22500.00
6	Juan Pérez:10000.00
6	Ana Gómez:18000.00
6	Carlos Ruiz:18000.00
6	Luisa Martínez:18000.00
6	Pedro Sánchez:18000.00
\.


--
-- Data for Name: comprobantes; Type: TABLE DATA; Schema: public; Owner: postgres
--

COPY public.comprobantes (descuento, iva, monto_total_iva, precio_final, id) FROM stdin;
0	3277.5	20527.5	17250	1
0	4750	29750	25000	2
0	4275	26775	22500	3
0	3420	21420	18000	4
0	3933	24633	20700	5
0	4370	27370	23000	6
0	3800	23800	20000	7
0	3325	20825	17500	8
0	1995	12495	10500	9
0	2660	16660	14000	10
0	3325	20825	17500	11
0	4845	30345	25500	12
0	6460	40460	34000	13
0	7429	46529	39100	14
0	6460	40460	34000	15
0	8075	50575	42500	16
0	4845	30345	25500	17
0	4845	30345	25500	18
0	6460	40460	34000	19
0	18026.25	112901.25	94875	20
0	24035	150535	126500	21
0	30043.75	188168.75	158125	22
0	26125	163625	137500	23
0	20900	130900	110000	24
0	26125	163625	137500	25
0	26125	163625	137500	26
0	15675	98175	82500	27
0	18026.25	112901.25	94875	28
0	18026.25	112901.25	94875	29
0	15675	98175	82500	30
0	30043.75	188168.75	158125	31
0	30043.75	188168.75	158125	32
0	24035	150535	126500	33
0	24035	150535	126500	34
0	2850	17850	15000	35
0	4750	29750	25000	36
0	3277.5	20527.5	17250	37
0	4275	26775	22500	38
0	4916.25	30791.25	25875	42
0	7600	47600	40000	47
0	4750	29750	25000	48
0	3933	24633	20700	49
0	9832.5	61582.5	51750	51
0	7866	49266	41400	53
0	9832.5	61582.5	51750	54
0	9832.5	61582.5	51750	55
0	15732	98532	82800	56
0	19665	123165	103500	58
0	3933	24633	20700	59
0	3496	21896	18400	60
0	24581.25	153956.25	129375	61
\.


--
-- Data for Name: correos; Type: TABLE DATA; Schema: public; Owner: postgres
--

COPY public.correos (reserva_id, persona) FROM stdin;
\.


--
-- Data for Name: detalle_comprobante; Type: TABLE DATA; Schema: public; Owner: postgres
--

COPY public.detalle_comprobante (comprobante_id, detalle_pago) FROM stdin;
1	Sebastián Del Solar Milla|Base:17250.00|Descuento Grupal 0%|Monto sin IVA:17250.00|IVA:3277.50|Total:20527.50
2	Sebastián Del Solar Milla|Base:25000.00|Descuento Grupal 0%|Monto sin IVA:25000.00|IVA:4750.00|Total:29750.00
3	Sebastián Del Solar Milla|Base:25000.00|Descuento Frecuencia 10%|Monto sin IVA:22500.00|IVA:4275.00|Total:26775.00
4	Sebastián Del Solar Milla|Base:20000.00|Descuento Frecuencia 10%|Monto sin IVA:18000.00|IVA:3420.00|Total:21420.00
5	Sebastián Del Solar Milla|Base:23000.00|Descuento Frecuencia 10%|Monto sin IVA:20700.00|IVA:3933.00|Total:24633.00
6	Sebastián Del Solar Milla|Base:28750.00|Descuento Frecuencia 20%|Monto sin IVA:23000.00|IVA:4370.00|Total:27370.00
7	Sebastián Del Solar Milla|Base:25000.00|Descuento Frecuencia 20%|Monto sin IVA:20000.00|IVA:3800.00|Total:23800.00
8	Sebastián Del Solar Milla|Base:25000.00|Descuento Frecuencia 30%|Monto sin IVA:17500.00|IVA:3325.00|Total:20825.00
9	Sebastián Del Solar Milla|Base:15000.00|Descuento Frecuencia 30%|Monto sin IVA:10500.00|IVA:1995.00|Total:12495.00
10	Sebastián Del Solar Milla|Base:20000.00|Descuento Frecuencia 30%|Monto sin IVA:14000.00|IVA:2660.00|Total:16660.00
11	Sebastián Del Solar Milla|Base:25000.00|Descuento Frecuencia 30%|Monto sin IVA:17500.00|IVA:3325.00|Total:20825.00
12	Carlos Peña|Base:15000.00|Descuento Grupal 0%|Monto sin IVA:15000.00|IVA:2850.00|Total:17850.00
12	Sebastián Del Solar Milla|Base:15000.00|Descuento Frecuencia 30%|Monto sin IVA:10500.00|IVA:1995.00|Total:12495.00
13	Carlos Peña|Base:20000.00|Descuento Grupal 0%|Monto sin IVA:20000.00|IVA:3800.00|Total:23800.00
13	Sebastián Del Solar Milla|Base:20000.00|Descuento Frecuencia 30%|Monto sin IVA:14000.00|IVA:2660.00|Total:16660.00
14	Carlos Peña|Base:23000.00|Descuento Grupal 0%|Monto sin IVA:23000.00|IVA:4370.00|Total:27370.00
14	Sebastián Del Solar Milla|Base:23000.00|Descuento Frecuencia 30%|Monto sin IVA:16100.00|IVA:3059.00|Total:19159.00
15	Carlos Peña|Base:20000.00|Descuento Grupal 0%|Monto sin IVA:20000.00|IVA:3800.00|Total:23800.00
15	Sebastián Del Solar Milla|Base:20000.00|Descuento Frecuencia 30%|Monto sin IVA:14000.00|IVA:2660.00|Total:16660.00
16	Carlos Peña|Base:25000.00|Descuento Grupal 0%|Monto sin IVA:25000.00|IVA:4750.00|Total:29750.00
16	Sebastián Del Solar Milla|Base:25000.00|Descuento Frecuencia 30%|Monto sin IVA:17500.00|IVA:3325.00|Total:20825.00
17	Carlos Peña|Base:15000.00|Descuento Grupal 0%|Monto sin IVA:15000.00|IVA:2850.00|Total:17850.00
17	Sebastián Del Solar Milla|Base:15000.00|Descuento Frecuencia 30%|Monto sin IVA:10500.00|IVA:1995.00|Total:12495.00
18	Carlos Peña|Base:15000.00|Descuento Grupal 0%|Monto sin IVA:15000.00|IVA:2850.00|Total:17850.00
18	Sebastián Del Solar Milla|Base:15000.00|Descuento Frecuencia 30%|Monto sin IVA:10500.00|IVA:1995.00|Total:12495.00
19	Carlos Peña|Base:20000.00|Descuento Grupal 0%|Monto sin IVA:20000.00|IVA:3800.00|Total:23800.00
19	Sebastián Del Solar Milla|Base:20000.00|Descuento Frecuencia 30%|Monto sin IVA:14000.00|IVA:2660.00|Total:16660.00
20	AC 6|Base:17250.00|Descuento Grupal 20%|Monto sin IVA:13800.00|IVA:2622.00|Total:16422.00
20	AC 4|Base:17250.00|Descuento Grupal 20%|Monto sin IVA:13800.00|IVA:2622.00|Total:16422.00
20	Carlos Peña|Base:17250.00|Descuento Grupal 20%|Monto sin IVA:13800.00|IVA:2622.00|Total:16422.00
20	AC 5|Base:17250.00|Descuento Grupal 20%|Monto sin IVA:13800.00|IVA:2622.00|Total:16422.00
20	AC 3|Base:17250.00|Descuento Grupal 20%|Monto sin IVA:13800.00|IVA:2622.00|Total:16422.00
20	Benjamin Moya|Base:17250.00|Descuento Grupal 20%|Monto sin IVA:13800.00|IVA:2622.00|Total:16422.00
20	Sebastián Del Solar Milla|Base:17250.00|Descuento Frecuencia 30%|Monto sin IVA:12075.00|IVA:2294.25|Total:14369.25
21	AC 6|Base:23000.00|Descuento Grupal 20%|Monto sin IVA:18400.00|IVA:3496.00|Total:21896.00
21	AC 4|Base:23000.00|Descuento Grupal 20%|Monto sin IVA:18400.00|IVA:3496.00|Total:21896.00
21	Carlos Peña|Base:23000.00|Descuento Grupal 20%|Monto sin IVA:18400.00|IVA:3496.00|Total:21896.00
21	AC 5|Base:23000.00|Descuento Grupal 20%|Monto sin IVA:18400.00|IVA:3496.00|Total:21896.00
21	AC 3|Base:23000.00|Descuento Grupal 20%|Monto sin IVA:18400.00|IVA:3496.00|Total:21896.00
21	Benjamin Moya|Base:23000.00|Descuento Grupal 20%|Monto sin IVA:18400.00|IVA:3496.00|Total:21896.00
21	Sebastián Del Solar Milla|Base:23000.00|Descuento Frecuencia 30%|Monto sin IVA:16100.00|IVA:3059.00|Total:19159.00
22	AC 6|Base:28750.00|Descuento Grupal 20%|Monto sin IVA:23000.00|IVA:4370.00|Total:27370.00
22	AC 4|Base:28750.00|Descuento Grupal 20%|Monto sin IVA:23000.00|IVA:4370.00|Total:27370.00
22	Carlos Peña|Base:28750.00|Descuento Grupal 20%|Monto sin IVA:23000.00|IVA:4370.00|Total:27370.00
22	AC 5|Base:28750.00|Descuento Grupal 20%|Monto sin IVA:23000.00|IVA:4370.00|Total:27370.00
22	AC 3|Base:28750.00|Descuento Grupal 20%|Monto sin IVA:23000.00|IVA:4370.00|Total:27370.00
22	Benjamin Moya|Base:28750.00|Descuento Grupal 20%|Monto sin IVA:23000.00|IVA:4370.00|Total:27370.00
22	Sebastián Del Solar Milla|Base:28750.00|Descuento Frecuencia 30%|Monto sin IVA:20125.00|IVA:3823.75|Total:23948.75
23	AC 6|Base:25000.00|Descuento Grupal 20%|Monto sin IVA:20000.00|IVA:3800.00|Total:23800.00
23	AC 4|Base:25000.00|Descuento Grupal 20%|Monto sin IVA:20000.00|IVA:3800.00|Total:23800.00
23	Carlos Peña|Base:25000.00|Descuento Grupal 20%|Monto sin IVA:20000.00|IVA:3800.00|Total:23800.00
23	AC 5|Base:25000.00|Descuento Grupal 20%|Monto sin IVA:20000.00|IVA:3800.00|Total:23800.00
23	AC 3|Base:25000.00|Descuento Grupal 20%|Monto sin IVA:20000.00|IVA:3800.00|Total:23800.00
23	Benjamin Moya|Base:25000.00|Descuento Grupal 20%|Monto sin IVA:20000.00|IVA:3800.00|Total:23800.00
23	Sebastián Del Solar Milla|Base:25000.00|Descuento Frecuencia 30%|Monto sin IVA:17500.00|IVA:3325.00|Total:20825.00
24	AC 6|Base:20000.00|Descuento Grupal 20%|Monto sin IVA:16000.00|IVA:3040.00|Total:19040.00
24	AC 4|Base:20000.00|Descuento Grupal 20%|Monto sin IVA:16000.00|IVA:3040.00|Total:19040.00
24	Carlos Peña|Base:20000.00|Descuento Grupal 20%|Monto sin IVA:16000.00|IVA:3040.00|Total:19040.00
24	AC 5|Base:20000.00|Descuento Grupal 20%|Monto sin IVA:16000.00|IVA:3040.00|Total:19040.00
24	AC 3|Base:20000.00|Descuento Grupal 20%|Monto sin IVA:16000.00|IVA:3040.00|Total:19040.00
24	Benjamin Moya|Base:20000.00|Descuento Grupal 20%|Monto sin IVA:16000.00|IVA:3040.00|Total:19040.00
24	Sebastián Del Solar Milla|Base:20000.00|Descuento Frecuencia 30%|Monto sin IVA:14000.00|IVA:2660.00|Total:16660.00
25	AC 6|Base:25000.00|Descuento Grupal 20%|Monto sin IVA:20000.00|IVA:3800.00|Total:23800.00
25	AC 4|Base:25000.00|Descuento Grupal 20%|Monto sin IVA:20000.00|IVA:3800.00|Total:23800.00
25	Carlos Peña|Base:25000.00|Descuento Grupal 20%|Monto sin IVA:20000.00|IVA:3800.00|Total:23800.00
25	AC 5|Base:25000.00|Descuento Grupal 20%|Monto sin IVA:20000.00|IVA:3800.00|Total:23800.00
25	AC 3|Base:25000.00|Descuento Grupal 20%|Monto sin IVA:20000.00|IVA:3800.00|Total:23800.00
25	Benjamin Moya|Base:25000.00|Descuento Grupal 20%|Monto sin IVA:20000.00|IVA:3800.00|Total:23800.00
25	Sebastián Del Solar Milla|Base:25000.00|Descuento Frecuencia 30%|Monto sin IVA:17500.00|IVA:3325.00|Total:20825.00
26	AC 6|Base:25000.00|Descuento Grupal 20%|Monto sin IVA:20000.00|IVA:3800.00|Total:23800.00
26	AC 4|Base:25000.00|Descuento Grupal 20%|Monto sin IVA:20000.00|IVA:3800.00|Total:23800.00
26	Carlos Peña|Base:25000.00|Descuento Grupal 20%|Monto sin IVA:20000.00|IVA:3800.00|Total:23800.00
26	AC 5|Base:25000.00|Descuento Grupal 20%|Monto sin IVA:20000.00|IVA:3800.00|Total:23800.00
26	AC 3|Base:25000.00|Descuento Grupal 20%|Monto sin IVA:20000.00|IVA:3800.00|Total:23800.00
26	Benjamin Moya|Base:25000.00|Descuento Grupal 20%|Monto sin IVA:20000.00|IVA:3800.00|Total:23800.00
26	Sebastián Del Solar Milla|Base:25000.00|Descuento Frecuencia 30%|Monto sin IVA:17500.00|IVA:3325.00|Total:20825.00
27	AC 6|Base:15000.00|Descuento Grupal 20%|Monto sin IVA:12000.00|IVA:2280.00|Total:14280.00
27	AC 4|Base:15000.00|Descuento Grupal 20%|Monto sin IVA:12000.00|IVA:2280.00|Total:14280.00
27	Carlos Peña|Base:15000.00|Descuento Grupal 20%|Monto sin IVA:12000.00|IVA:2280.00|Total:14280.00
27	AC 5|Base:15000.00|Descuento Grupal 20%|Monto sin IVA:12000.00|IVA:2280.00|Total:14280.00
27	AC 3|Base:15000.00|Descuento Grupal 20%|Monto sin IVA:12000.00|IVA:2280.00|Total:14280.00
27	Benjamin Moya|Base:15000.00|Descuento Grupal 20%|Monto sin IVA:12000.00|IVA:2280.00|Total:14280.00
27	Sebastián Del Solar Milla|Base:15000.00|Descuento Frecuencia 30%|Monto sin IVA:10500.00|IVA:1995.00|Total:12495.00
28	AC 6|Base:17250.00|Descuento Grupal 20%|Monto sin IVA:13800.00|IVA:2622.00|Total:16422.00
28	AC 4|Base:17250.00|Descuento Grupal 20%|Monto sin IVA:13800.00|IVA:2622.00|Total:16422.00
28	Carlos Peña|Base:17250.00|Descuento Grupal 20%|Monto sin IVA:13800.00|IVA:2622.00|Total:16422.00
28	AC 5|Base:17250.00|Descuento Grupal 20%|Monto sin IVA:13800.00|IVA:2622.00|Total:16422.00
28	AC 3|Base:17250.00|Descuento Grupal 20%|Monto sin IVA:13800.00|IVA:2622.00|Total:16422.00
28	Benjamin Moya|Base:17250.00|Descuento Grupal 20%|Monto sin IVA:13800.00|IVA:2622.00|Total:16422.00
28	Sebastián Del Solar Milla|Base:17250.00|Descuento Frecuencia 30%|Monto sin IVA:12075.00|IVA:2294.25|Total:14369.25
29	AC 6|Base:17250.00|Descuento Grupal 20%|Monto sin IVA:13800.00|IVA:2622.00|Total:16422.00
29	AC 4|Base:17250.00|Descuento Grupal 20%|Monto sin IVA:13800.00|IVA:2622.00|Total:16422.00
29	Carlos Peña|Base:17250.00|Descuento Grupal 20%|Monto sin IVA:13800.00|IVA:2622.00|Total:16422.00
29	AC 5|Base:17250.00|Descuento Grupal 20%|Monto sin IVA:13800.00|IVA:2622.00|Total:16422.00
29	AC 3|Base:17250.00|Descuento Grupal 20%|Monto sin IVA:13800.00|IVA:2622.00|Total:16422.00
29	Benjamin Moya|Base:17250.00|Descuento Grupal 20%|Monto sin IVA:13800.00|IVA:2622.00|Total:16422.00
29	Sebastián Del Solar Milla|Base:17250.00|Descuento Frecuencia 30%|Monto sin IVA:12075.00|IVA:2294.25|Total:14369.25
30	AC 6|Base:15000.00|Descuento Grupal 20%|Monto sin IVA:12000.00|IVA:2280.00|Total:14280.00
30	AC 4|Base:15000.00|Descuento Grupal 20%|Monto sin IVA:12000.00|IVA:2280.00|Total:14280.00
30	Carlos Peña|Base:15000.00|Descuento Grupal 20%|Monto sin IVA:12000.00|IVA:2280.00|Total:14280.00
30	AC 5|Base:15000.00|Descuento Grupal 20%|Monto sin IVA:12000.00|IVA:2280.00|Total:14280.00
30	AC 3|Base:15000.00|Descuento Grupal 20%|Monto sin IVA:12000.00|IVA:2280.00|Total:14280.00
30	Benjamin Moya|Base:15000.00|Descuento Grupal 20%|Monto sin IVA:12000.00|IVA:2280.00|Total:14280.00
30	Sebastián Del Solar Milla|Base:15000.00|Descuento Frecuencia 30%|Monto sin IVA:10500.00|IVA:1995.00|Total:12495.00
31	AC 6|Base:28750.00|Descuento Grupal 20%|Monto sin IVA:23000.00|IVA:4370.00|Total:27370.00
31	AC 4|Base:28750.00|Descuento Grupal 20%|Monto sin IVA:23000.00|IVA:4370.00|Total:27370.00
31	Carlos Peña|Base:28750.00|Descuento Grupal 20%|Monto sin IVA:23000.00|IVA:4370.00|Total:27370.00
31	AC 5|Base:28750.00|Descuento Grupal 20%|Monto sin IVA:23000.00|IVA:4370.00|Total:27370.00
31	AC 3|Base:28750.00|Descuento Grupal 20%|Monto sin IVA:23000.00|IVA:4370.00|Total:27370.00
31	Benjamin Moya|Base:28750.00|Descuento Grupal 20%|Monto sin IVA:23000.00|IVA:4370.00|Total:27370.00
31	Sebastián Del Solar Milla|Base:28750.00|Descuento Frecuencia 30%|Monto sin IVA:20125.00|IVA:3823.75|Total:23948.75
32	AC 6|Base:28750.00|Descuento Grupal 20%|Monto sin IVA:23000.00|IVA:4370.00|Total:27370.00
32	AC 4|Base:28750.00|Descuento Grupal 20%|Monto sin IVA:23000.00|IVA:4370.00|Total:27370.00
32	Carlos Peña|Base:28750.00|Descuento Grupal 20%|Monto sin IVA:23000.00|IVA:4370.00|Total:27370.00
32	AC 5|Base:28750.00|Descuento Grupal 20%|Monto sin IVA:23000.00|IVA:4370.00|Total:27370.00
32	AC 3|Base:28750.00|Descuento Grupal 20%|Monto sin IVA:23000.00|IVA:4370.00|Total:27370.00
32	Benjamin Moya|Base:28750.00|Descuento Grupal 20%|Monto sin IVA:23000.00|IVA:4370.00|Total:27370.00
32	Sebastián Del Solar Milla|Base:28750.00|Descuento Frecuencia 30%|Monto sin IVA:20125.00|IVA:3823.75|Total:23948.75
33	AC 6|Base:23000.00|Descuento Grupal 20%|Monto sin IVA:18400.00|IVA:3496.00|Total:21896.00
33	AC 4|Base:23000.00|Descuento Grupal 20%|Monto sin IVA:18400.00|IVA:3496.00|Total:21896.00
33	Carlos Peña|Base:23000.00|Descuento Grupal 20%|Monto sin IVA:18400.00|IVA:3496.00|Total:21896.00
33	AC 5|Base:23000.00|Descuento Grupal 20%|Monto sin IVA:18400.00|IVA:3496.00|Total:21896.00
33	AC 3|Base:23000.00|Descuento Grupal 20%|Monto sin IVA:18400.00|IVA:3496.00|Total:21896.00
33	Benjamin Moya|Base:23000.00|Descuento Grupal 20%|Monto sin IVA:18400.00|IVA:3496.00|Total:21896.00
33	Sebastián Del Solar Milla|Base:23000.00|Descuento Frecuencia 30%|Monto sin IVA:16100.00|IVA:3059.00|Total:19159.00
34	AC 6|Base:23000.00|Descuento Grupal 20%|Monto sin IVA:18400.00|IVA:3496.00|Total:21896.00
34	AC 4|Base:23000.00|Descuento Grupal 20%|Monto sin IVA:18400.00|IVA:3496.00|Total:21896.00
34	Carlos Peña|Base:23000.00|Descuento Grupal 20%|Monto sin IVA:18400.00|IVA:3496.00|Total:21896.00
34	AC 5|Base:23000.00|Descuento Grupal 20%|Monto sin IVA:18400.00|IVA:3496.00|Total:21896.00
34	AC 3|Base:23000.00|Descuento Grupal 20%|Monto sin IVA:18400.00|IVA:3496.00|Total:21896.00
34	Benjamin Moya|Base:23000.00|Descuento Grupal 20%|Monto sin IVA:18400.00|IVA:3496.00|Total:21896.00
34	Sebastián Del Solar Milla|Base:23000.00|Descuento Frecuencia 30%|Monto sin IVA:16100.00|IVA:3059.00|Total:19159.00
35	Sebastián Del Solar Milla|Base:15000.00|Descuento Grupal 0%|Monto sin IVA:15000.00|IVA:2850.00|Total:17850.00
36	Sebastian Del Solar|Base:25000.00|Descuento Grupal 0%|Monto sin IVA:25000.00|IVA:4750.00|Total:29750.00
37	Sebastián Del Solar Milla|Base:17250.00|Descuento Grupal 0%|Monto sin IVA:17250.00|IVA:3277.50|Total:20527.50
38	Sebastián Del Solar Milla|Base:25000.00|Descuento Frecuencia 10%|Monto sin IVA:22500.00|IVA:4275.00|Total:26775.00
42	Sebastián Del Solar Milla|Base:28750.00|Descuento Frecuencia 10%|Monto sin IVA:25875.00|IVA:4916.25|Total:30791.25
47	Acomp 1|Base:20000.00|Descuento Grupal 0%|Monto sin IVA:20000.00|IVA:3800.00|Total:23800.00
47	Sebastian Del Solar Modificacion 2|Base:20000.00|Descuento Grupal 0%|Monto sin IVA:20000.00|IVA:3800.00|Total:23800.00
48	Sebastián Del Solar Milla|Base:25000.00|Descuento Grupal 0%|Monto sin IVA:25000.00|IVA:4750.00|Total:29750.00
49	Sebastián Del Solar Milla|Base:23000.00|Descuento Frecuencia 10%|Monto sin IVA:20700.00|IVA:3933.00|Total:24633.00
51	Acompanante 1|Base:28750.00|Descuento Grupal 10%|Monto sin IVA:25875.00|IVA:4916.25|Total:30791.25
51	Sebastián Del Solar Milla|Base:28750.00|Descuento Grupal 10%|Monto sin IVA:25875.00|IVA:4916.25|Total:30791.25
53	Acomp 1|Base:23000.00|Descuento Grupal 10%|Monto sin IVA:20700.00|IVA:3933.00|Total:24633.00
53	Sebastian Del Solar|Base:23000.00|Descuento Grupal 10%|Monto sin IVA:20700.00|IVA:3933.00|Total:24633.00
54	Acomp 1|Base:28750.00|Descuento Grupal 10%|Monto sin IVA:25875.00|IVA:4916.25|Total:30791.25
54	Sebastian Del Solar Acomp 4|Base:28750.00|Descuento Grupal 10%|Monto sin IVA:25875.00|IVA:4916.25|Total:30791.25
55	Acomp 1|Base:28750.00|Descuento Grupal 10%|Monto sin IVA:25875.00|IVA:4916.25|Total:30791.25
55	Sebastián Del Solar Milla|Base:28750.00|Descuento Grupal 10%|Monto sin IVA:25875.00|IVA:4916.25|Total:30791.25
56	A1|Base:23000.00|Descuento Grupal 10%|Monto sin IVA:20700.00|IVA:3933.00|Total:24633.00
56	A2|Base:23000.00|Descuento Grupal 10%|Monto sin IVA:20700.00|IVA:3933.00|Total:24633.00
56	A3|Base:23000.00|Descuento Grupal 10%|Monto sin IVA:20700.00|IVA:3933.00|Total:24633.00
56	Sebastián Del Solar Milla|Base:23000.00|Descuento Frecuencia 10%|Monto sin IVA:20700.00|IVA:3933.00|Total:24633.00
58	A11|Base:28750.00|Descuento Grupal 10%|Monto sin IVA:25875.00|IVA:4916.25|Total:30791.25
58	A22|Base:28750.00|Descuento Grupal 10%|Monto sin IVA:25875.00|IVA:4916.25|Total:30791.25
58	A33|Base:28750.00|Descuento Grupal 10%|Monto sin IVA:25875.00|IVA:4916.25|Total:30791.25
58	Sebastián Del Solar Milla|Base:28750.00|Descuento Frecuencia 10%|Monto sin IVA:25875.00|IVA:4916.25|Total:30791.25
59	Sebastián Del Solar Milla|Base:23000.00|Descuento Frecuencia 10%|Monto sin IVA:20700.00|IVA:3933.00|Total:24633.00
60	Sebastián Del Solar Milla|Base:23000.00|Descuento Frecuencia 20%|Monto sin IVA:18400.00|IVA:3496.00|Total:21896.00
61	AC2|Base:28750.00|Descuento Grupal 10%|Monto sin IVA:25875.00|IVA:4916.25|Total:30791.25
61	AC3|Base:28750.00|Descuento Grupal 10%|Monto sin IVA:25875.00|IVA:4916.25|Total:30791.25
61	AC4|Base:28750.00|Descuento Grupal 10%|Monto sin IVA:25875.00|IVA:4916.25|Total:30791.25
61	AC1|Base:28750.00|Descuento Grupal 10%|Monto sin IVA:25875.00|IVA:4916.25|Total:30791.25
61	Margarita Garcia|Base:28750.00|Descuento Grupal 10%|Monto sin IVA:25875.00|IVA:4916.25|Total:30791.25
\.


--
-- Data for Name: empleados; Type: TABLE DATA; Schema: public; Owner: postgres
--

COPY public.empleados (id, contrasena, email, name, rut) FROM stdin;
1	admin	admin@usach.cl	Sebastián Del Solar Milla	21605113-0
\.


--
-- Data for Name: karts; Type: TABLE DATA; Schema: public; Owner: postgres
--

COPY public.karts (id, codificacion, modelo) FROM stdin;
1	K001	Sodikart RT8
2	K002	Sodikart RT8
3	K003	Sodikart RT8
4	K004	Sodikart RT8
5	K005	Sodikart RT8
6	K006	Sodikart RT8
7	K007	Sodikart RT8
8	K008	Sodikart RT8
9	K009	Sodikart RT8
10	K010	Sodikart RT8
11	K011	Sodikart RT8
12	K012	Sodikart RT8
13	K013	Sodikart RT8
14	K014	Sodikart RT8
15	K015	Sodikart RT8
\.


--
-- Data for Name: personas_reserva; Type: TABLE DATA; Schema: public; Owner: postgres
--

COPY public.personas_reserva (reserva_id, persona) FROM stdin;
1	Juan Pérez
1	Ana Gómez
1	Carlos Ruiz
1	Luisa Martínez
1	Pedro Sánchez
2	Juan Pérez
2	Ana Gómez
2	Carlos Ruiz
2	Luisa Martínez
2	Pedro Sánchez
3	Juan Pérez
3	Ana Gómez
3	Carlos Ruiz
3	Luisa Martínez
3	Pedro Sánchez
4	Juan Pérez
4	Ana Gómez
4	Carlos Ruiz
4	Luisa Martínez
4	Pedro Sánchez
5	Juan Pérez
5	Ana Gómez
5	Carlos Ruiz
5	Luisa Martínez
5	Pedro Sánchez
6	Juan Pérez
6	Ana Gómez
6	Carlos Ruiz
6	Luisa Martínez
6	Pedro Sánchez
\.


--
-- Data for Name: reporte_comprobante; Type: TABLE DATA; Schema: public; Owner: postgres
--

COPY public.reporte_comprobante (comprobante_id, reporte_id) FROM stdin;
\.


--
-- Data for Name: reportes; Type: TABLE DATA; Schema: public; Owner: postgres
--

COPY public.reportes (fecha_fin, fecha_generacion, fecha_inicio, total_ingresos, id) FROM stdin;
\.


--
-- Data for Name: reserva_karts; Type: TABLE DATA; Schema: public; Owner: postgres
--

COPY public.reserva_karts (kart_id, reserva_id) FROM stdin;
1	1
1	2
1	3
1	4
1	5
1	6
1	7
1	8
1	9
1	10
1	11
1	12
2	12
1	13
2	13
1	14
2	14
1	15
2	15
1	16
2	16
1	17
2	17
1	18
2	18
1	19
2	19
1	20
2	20
3	20
4	20
5	20
6	20
7	20
1	21
2	21
3	21
4	21
5	21
6	21
7	21
1	22
2	22
3	22
4	22
5	22
6	22
7	22
1	23
2	23
3	23
4	23
5	23
6	23
7	23
1	24
2	24
3	24
4	24
5	24
6	24
7	24
1	25
2	25
3	25
4	25
5	25
6	25
7	25
1	26
2	26
3	26
4	26
5	26
6	26
7	26
1	27
2	27
3	27
4	27
5	27
6	27
7	27
1	28
2	28
3	28
4	28
5	28
6	28
7	28
1	29
2	29
3	29
4	29
5	29
6	29
7	29
1	30
2	30
3	30
4	30
5	30
6	30
7	30
1	31
2	31
3	31
4	31
5	31
6	31
7	31
1	32
2	32
3	32
4	32
5	32
6	32
7	32
1	33
2	33
3	33
4	33
5	33
6	33
7	33
1	34
2	34
3	34
4	34
5	34
6	34
7	34
1	35
1	36
1	37
1	38
1	42
1	47
2	47
1	48
1	49
1	51
2	51
3	51
1	53
2	53
3	53
1	54
2	54
3	54
4	54
1	55
2	55
3	55
1	56
2	56
3	56
4	56
1	58
2	58
3	58
4	58
1	59
1	60
1	61
2	61
3	61
4	61
5	61
\.


--
-- Data for Name: reservas; Type: TABLE DATA; Schema: public; Owner: postgres
--

COPY public.reservas (duracion_total, fecha_inicio, hora_fin, hora_inicio, num_personas, num_vueltas_tiempo_maximo, precio_regular, cliente_id, comprobante_id, fecha_hora, id, nombre_cliente) FROM stdin;
30	2024-09-01	15:00:00	14:30:00	1	10	17250	1	1	2025-04-23 20:24:32.772843	1	Sebastián Del Solar Milla
40	2024-09-02	15:10:00	14:30:00	1	20	25000	1	2	2025-04-23 20:24:44.525899	2	Sebastián Del Solar Milla
40	2024-09-25	15:10:00	14:30:00	1	20	25000	1	3	2025-04-23 20:24:48.48112	3	Sebastián Del Solar Milla
35	2024-09-13	15:05:00	14:30:00	1	15	20000	1	4	2025-04-23 20:24:53.770825	4	Sebastián Del Solar Milla
35	2024-10-13	14:35:00	14:00:00	1	15	23000	1	5	2025-04-23 20:25:00.184327	5	Sebastián Del Solar Milla
40	2024-10-13	15:40:00	15:00:00	1	20	28750	1	6	2025-04-23 20:25:06.393732	6	Sebastián Del Solar Milla
40	2024-11-13	16:40:00	16:00:00	1	20	25000	1	7	2025-04-23 20:25:11.328775	7	Sebastián Del Solar Milla
40	2024-11-13	14:40:00	14:00:00	1	20	25000	1	8	2025-04-23 20:25:18.042455	8	Sebastián Del Solar Milla
30	2024-12-13	14:30:00	14:00:00	1	10	15000	1	9	2025-04-23 20:25:29.629947	9	Sebastián Del Solar Milla
35	2024-12-13	15:35:00	15:00:00	1	15	20000	1	10	2025-04-23 20:25:35.298425	10	Sebastián Del Solar Milla
40	2024-12-13	16:40:00	16:00:00	1	20	25000	1	11	2025-04-23 20:25:40.914182	11	Sebastián Del Solar Milla
30	2024-09-05	16:30:00	16:00:00	2	10	15000	1	12	2025-04-23 20:26:13.335009	12	Sebastián Del Solar Milla
35	2024-09-05	17:15:00	16:40:00	2	15	20000	1	13	2025-04-23 20:26:21.391205	13	Sebastián Del Solar Milla
35	2024-10-05	17:15:00	16:40:00	2	15	23000	1	14	2025-04-23 20:26:25.086475	14	Sebastián Del Solar Milla
35	2024-11-05	17:15:00	16:40:00	2	15	20000	1	15	2025-04-23 20:26:29.252721	15	Sebastián Del Solar Milla
40	2024-11-05	19:20:00	18:40:00	2	20	25000	1	16	2025-04-23 20:26:43.672264	16	Sebastián Del Solar Milla
30	2024-12-05	19:10:00	18:40:00	2	10	15000	1	17	2025-04-23 20:26:50.221533	17	Sebastián Del Solar Milla
30	2024-12-05	16:10:00	15:40:00	2	10	15000	1	18	2025-04-23 20:26:55.591281	18	Sebastián Del Solar Milla
35	2024-12-05	18:15:00	17:40:00	2	15	20000	1	19	2025-04-23 20:27:04.633795	19	Sebastián Del Solar Milla
30	2024-09-08	14:30:00	14:00:00	7	10	17250	1	20	2025-04-23 20:29:00.637261	20	Sebastián Del Solar Milla
35	2024-09-08	15:35:00	15:00:00	7	15	23000	1	21	2025-04-23 20:29:08.018545	21	Sebastián Del Solar Milla
40	2024-09-08	18:40:00	18:00:00	7	20	28750	1	22	2025-04-23 20:29:13.31801	22	Sebastián Del Solar Milla
40	2024-10-08	16:40:00	16:00:00	7	20	25000	1	23	2025-04-23 20:29:19.073821	23	Sebastián Del Solar Milla
35	2024-10-08	14:35:00	14:00:00	7	15	20000	1	24	2025-04-23 20:29:23.959797	24	Sebastián Del Solar Milla
40	2024-10-08	15:30:00	14:50:00	7	20	25000	1	25	2025-04-23 20:29:34.543191	25	Sebastián Del Solar Milla
40	2024-11-08	15:30:00	14:50:00	7	20	25000	1	26	2025-04-23 20:29:39.327561	26	Sebastián Del Solar Milla
30	2024-11-08	16:20:00	15:50:00	7	10	15000	1	27	2025-04-23 20:29:46.418403	27	Sebastián Del Solar Milla
30	2024-12-08	16:20:00	15:50:00	7	10	17250	1	28	2025-04-23 20:29:51.51272	28	Sebastián Del Solar Milla
30	2024-12-08	15:00:00	14:30:00	7	10	17250	1	29	2025-04-23 20:29:58.424489	29	Sebastián Del Solar Milla
30	2025-01-08	14:30:00	14:00:00	7	10	15000	1	30	2025-04-23 20:30:06.429452	30	Sebastián Del Solar Milla
40	2025-02-08	14:40:00	14:00:00	7	20	28750	1	31	2025-04-23 20:30:12.87607	31	Sebastián Del Solar Milla
40	2025-03-08	14:40:00	14:00:00	7	20	28750	1	32	2025-04-23 20:30:16.170272	32	Sebastián Del Solar Milla
35	2025-03-08	17:05:00	16:30:00	7	15	23000	1	33	2025-04-23 20:30:26.640277	33	Sebastián Del Solar Milla
35	2025-02-08	17:05:00	16:30:00	7	15	23000	1	34	2025-04-23 20:30:30.596971	34	Sebastián Del Solar Milla
30	2025-04-25	14:30:00	14:00:00	1	10	15000	1	35	2025-04-24 23:50:09.648398	35	Sebastián Del Solar Milla
40	2025-04-25	15:10:00	14:30:00	1	20	25000	\N	36	2025-04-24 23:58:17.879818	36	Sebastian Del Solar
30	2025-04-27	17:30:00	17:00:00	1	10	17250	1	37	2025-04-24 23:59:42.665908	37	Sebastián Del Solar Milla
40	2025-04-25	16:10:00	15:30:00	1	20	25000	1	38	2025-04-25 00:04:10.199192	38	Sebastián Del Solar Milla
40	2025-04-25	21:28:00	20:48:00	1	20	25000	1	48	2025-04-26 00:48:46.754224	48	Sebastián Del Solar Milla
35	2025-04-26	11:15:00	10:40:00	1	15	23000	1	49	2025-04-26 00:49:08.632692	49	Sebastián Del Solar Milla
40	2025-04-26	16:20:00	15:40:00	1	20	28750	1	42	2025-04-26 00:06:19.128269	42	SEBA CAMBIO
35	2025-04-29	15:25:00	14:50:00	2	15	20000	\N	47	2025-04-26 00:47:16.838875	47	Sebastian Del Solar Modificacion 2
40	2025-05-03	10:40:00	10:00:00	3	20	28750	\N	51	2025-04-26 00:55:11.191837	51	Sebastián Del Solar Milla
35	2025-04-26	11:50:00	11:15:00	3	15	23000	\N	53	2025-04-26 00:58:34.354809	53	Sebastian Del Solar
40	2025-04-26	12:30:00	11:50:00	4	20	28750	\N	54	2025-04-26 01:00:44.628569	54	Sebastian Del Solar Acomp 4
40	2025-04-27	10:40:00	10:00:00	3	20	28750	1	55	2025-04-26 01:02:30.511895	55	Sebastián Del Solar Milla
35	2025-04-26	13:05:00	12:30:00	4	15	23000	1	56	2025-04-26 01:15:16.495066	56	Sebastián Del Solar Milla
40	2025-04-27	20:10:00	19:30:00	4	20	28750	1	58	2025-04-26 01:20:24.69273	58	Sebastián Del Solar Milla
35	2025-04-26	16:55:00	16:20:00	1	15	23000	1	59	2025-04-26 01:21:37.289492	59	Sebastián Del Solar Milla
35	2025-04-26	17:30:00	16:55:00	1	15	23000	1	60	2025-04-26 01:21:57.268294	60	Sebastián Del Solar Milla
40	2025-05-01	13:40:00	13:00:00	5	20	28750	\N	61	2025-04-26 01:23:48.036933	61	Margarita Garcia
\.


--
-- Name: clients_id_seq; Type: SEQUENCE SET; Schema: public; Owner: postgres
--

SELECT pg_catalog.setval('public.clients_id_seq', 2, true);


--
-- Name: comprobantes_id_seq; Type: SEQUENCE SET; Schema: public; Owner: postgres
--

SELECT pg_catalog.setval('public.comprobantes_id_seq', 61, true);


--
-- Name: empleados_id_seq; Type: SEQUENCE SET; Schema: public; Owner: postgres
--

SELECT pg_catalog.setval('public.empleados_id_seq', 1, true);


--
-- Name: karts_id_seq; Type: SEQUENCE SET; Schema: public; Owner: postgres
--

SELECT pg_catalog.setval('public.karts_id_seq', 1, false);


--
-- Name: reportes_id_seq; Type: SEQUENCE SET; Schema: public; Owner: postgres
--

SELECT pg_catalog.setval('public.reportes_id_seq', 1, false);


--
-- Name: reservas_id_seq; Type: SEQUENCE SET; Schema: public; Owner: postgres
--

SELECT pg_catalog.setval('public.reservas_id_seq', 61, true);


--
-- Name: clients clients_pkey; Type: CONSTRAINT; Schema: public; Owner: postgres
--

ALTER TABLE ONLY public.clients
    ADD CONSTRAINT clients_pkey PRIMARY KEY (id);


--
-- Name: comprobantes comprobantes_pkey; Type: CONSTRAINT; Schema: public; Owner: postgres
--

ALTER TABLE ONLY public.comprobantes
    ADD CONSTRAINT comprobantes_pkey PRIMARY KEY (id);


--
-- Name: empleados empleados_pkey; Type: CONSTRAINT; Schema: public; Owner: postgres
--

ALTER TABLE ONLY public.empleados
    ADD CONSTRAINT empleados_pkey PRIMARY KEY (id);


--
-- Name: karts karts_pkey; Type: CONSTRAINT; Schema: public; Owner: postgres
--

ALTER TABLE ONLY public.karts
    ADD CONSTRAINT karts_pkey PRIMARY KEY (id);


--
-- Name: reportes reportes_pkey; Type: CONSTRAINT; Schema: public; Owner: postgres
--

ALTER TABLE ONLY public.reportes
    ADD CONSTRAINT reportes_pkey PRIMARY KEY (id);


--
-- Name: reservas reservas_comprobante_id_key; Type: CONSTRAINT; Schema: public; Owner: postgres
--

ALTER TABLE ONLY public.reservas
    ADD CONSTRAINT reservas_comprobante_id_key UNIQUE (comprobante_id);


--
-- Name: reservas reservas_pkey; Type: CONSTRAINT; Schema: public; Owner: postgres
--

ALTER TABLE ONLY public.reservas
    ADD CONSTRAINT reservas_pkey PRIMARY KEY (id);


--
-- Name: reservas fk38nk5pwhtfuloip9wwvcwfifd; Type: FK CONSTRAINT; Schema: public; Owner: postgres
--

ALTER TABLE ONLY public.reservas
    ADD CONSTRAINT fk38nk5pwhtfuloip9wwvcwfifd FOREIGN KEY (cliente_id) REFERENCES public.clients(id);


--
-- Name: detalle_comprobante fkduypqkh4tyldmwdjkuis28aw3; Type: FK CONSTRAINT; Schema: public; Owner: postgres
--

ALTER TABLE ONLY public.detalle_comprobante
    ADD CONSTRAINT fkduypqkh4tyldmwdjkuis28aw3 FOREIGN KEY (comprobante_id) REFERENCES public.comprobantes(id);


--
-- Name: reserva_karts fkjm1e9bix3ku2lpvfq2wbo1cjk; Type: FK CONSTRAINT; Schema: public; Owner: postgres
--

ALTER TABLE ONLY public.reserva_karts
    ADD CONSTRAINT fkjm1e9bix3ku2lpvfq2wbo1cjk FOREIGN KEY (kart_id) REFERENCES public.karts(id);


--
-- Name: reservas fklo6289mr3plcpw6efivfp55dp; Type: FK CONSTRAINT; Schema: public; Owner: postgres
--

ALTER TABLE ONLY public.reservas
    ADD CONSTRAINT fklo6289mr3plcpw6efivfp55dp FOREIGN KEY (comprobante_id) REFERENCES public.comprobantes(id);


--
-- Name: reserva_karts fkniqdkioave69cpyvpy8xpsn4o; Type: FK CONSTRAINT; Schema: public; Owner: postgres
--

ALTER TABLE ONLY public.reserva_karts
    ADD CONSTRAINT fkniqdkioave69cpyvpy8xpsn4o FOREIGN KEY (reserva_id) REFERENCES public.reservas(id);


--
-- Name: reporte_comprobante fkram1dcub681y4r35o5v59wy1t; Type: FK CONSTRAINT; Schema: public; Owner: postgres
--

ALTER TABLE ONLY public.reporte_comprobante
    ADD CONSTRAINT fkram1dcub681y4r35o5v59wy1t FOREIGN KEY (reporte_id) REFERENCES public.reportes(id);


--
-- PostgreSQL database dump complete
--

